nome,selecao,posicao,clube_atual,pais_clube
Achref Abada,Algeria,DF,USM Alger,Algeria
Aïssa Mandi,Algeria,DF,Lille OSC,France
Jaouen Hadjam,Algeria,DF,BSC Young Boys,Switzerland
Mohamed Amine Tougai,Algeria,DF,Espérance Sportive de Tunis,Tunisia
Rafik Belghali,Algeria,DF,Hellas Verona FC,Italy
Ramy Bensebaini,Algeria,DF,Borussia Dortmund,Germany
Rayan Aït-Nouri,Algeria,DF,Manchester City F.C.,United Kingdom
Samir Chergui,Algeria,DF,Paris FC,France
Zineddine Belaïd,Algeria,DF,JS Kabylie,Algeria
Adil Boulbina,Algeria,FW,Al-Duhail SC,Qatar
Amine Gouiri,Algeria,FW,Olympique de Marseille,France
Anis Hadj Moussa,Algeria,FW,Feyenoord Rotterdam,Netherlands
Farès Ghedjemis,Algeria,FW,Frosinone Calcio,Italy
Mohamed Amoura,Algeria,FW,VfL Wolfsburg,Germany
Nadhir Benbouali,Algeria,FW,Győri ETO FC,Hungary
Riyad Mahrez,Algeria,FW,Al Ahli FC,Saudi Arabia
Luca Zidane,Algeria,GK,Granada CF,Spain
Melvin Mastil,Algeria,GK,FC Stade Nyonnais,Switzerland
Oussama Benbot,Algeria,GK,USM Alger,Algeria
Farès Chaïbi,Algeria,MF,Eintracht Frankfurt,Germany
Hicham Boudaoui,Algeria,MF,OGC Nice,France
Houssem Aouar,Algeria,MF,Al Ittihad FC,Saudi Arabia
Ibrahim Maza,Algeria,MF,Bayer 04 Leverkusen,Germany
Nabil Bentaleb,Algeria,MF,Lille OSC,France
Ramiz Zerrouki,Algeria,MF,FC Twente,Netherlands
Yacine Titraoui,Algeria,MF,Royal Charleroi S.C.,Belgium
Cristian Romero,Argentina,DF,Tottenham Hotspur F.C.,United Kingdom
Facundo Medina,Argentina,DF,Olympique de Marseille,France
Gonzalo Montiel,Argentina,DF,Club Atlético River Plate,Argentina
Lisandro Martínez,Argentina,DF,Manchester United F.C.,United Kingdom
Marcos Senesi,Argentina,DF,Bournemouth,United Kingdom
Nahuel Molina,Argentina,DF,Atlético Madrid,Spain
Nicolás Otamendi,Argentina,DF,S.L. Benfica,Portugal
Nicolás Tagliafico,Argentina,DF,Olympique Lyonnais,France
Giuliano Simeone,Argentina,FW,Atlético Madrid,Spain
José Manuel López,Argentina,FW,Sociedade Esportiva Palmeiras,Brazil
Julián Alvarez,Argentina,FW,Atlético Madrid,Spain
Lautaro Martínez,Argentina,FW,Inter Milan,Italy
Lionel Messi,Argentina,FW,Inter Miami CF,United States
Nico Paz,Argentina,FW,Como 1907,Italy
Thiago Almada,Argentina,FW,Atlético Madrid,Spain
Emiliano Martínez,Argentina,GK,Aston Villa F.C.,United Kingdom
Gerónimo Rulli,Argentina,GK,Olympique de Marseille,France
Juan Musso,Argentina,GK,Atlético Madrid,Spain
Alexis Mac Allister,Argentina,MF,Liverpool F.C.,United Kingdom
Enzo Fernández,Argentina,MF,Chelsea F.C.,United Kingdom
Exequiel Palacios,Argentina,MF,Bayer 04 Leverkusen,Germany
Giovani Lo Celso,Argentina,MF,Real Betis Balompié,Spain
Leandro Paredes,Argentina,MF,Boca Juniors,Argentina
Nicolás González,Argentina,MF,Atlético Madrid,Spain
Rodrigo De Paul,Argentina,MF,Inter Miami CF,United States
Valentín Barco,Argentina,MF,RC Strasbourg Alsace,France
Alessandro Circati,Australia,DF,Parma Calcio 1913,Italy
Aziz Behich,Australia,DF,Melbourne City FC,Australia
Cameron Burgess,Australia,DF,Swansea City A.F.C.,United Kingdom
Harry Souttar,Australia,DF,Leicester City F.C.,United Kingdom
Jacob Italiano,Australia,DF,Grazer AK,Austria
Jason Geria,Australia,DF,Albirex Niigata,Japan
Jordan Bos,Australia,DF,Feyenoord Rotterdam,Netherlands
Kai Trewin,Australia,DF,New York City FC,United States
Lucas Herrington,Australia,DF,Colorado Rapids,United States
Miloš Degenek,Australia,DF,APOEL F.C.,Cyprus
Ajdin Hrustic,Australia,FW,Heracles Almelo,Netherlands
Awer Mabil,Australia,FW,CD Castellón,Spain
Cristian Volpato,Australia,FW,US Sassuolo Calcio,Italy
Mathew Leckie,Australia,FW,Melbourne City FC,Australia
Mohamed Touré,Australia,FW,Norwich City F.C.,United Kingdom
Nestory Irankunda,Australia,FW,Watford F.C.,United Kingdom
Nishan Velupillay,Australia,FW,Melbourne Victory FC,Australia
Tete Yengi,Australia,FW,FC Machida Zelvia,Japan
Mathew Ryan,Australia,GK,Levante UD,Spain
Patrick Beach,Australia,GK,Melbourne City FC,Australia
Paul Izzo,Australia,GK,Randers FC,Denmark
Aiden O'Neill,Australia,MF,New York City FC,United States
Cammy Devlin,Australia,MF,Heart of Midlothian F.C.,United Kingdom
Connor Metcalfe,Australia,MF,FC St. Pauli,Germany
Jackson Irvine,Australia,MF,FC St. Pauli,Germany
Paul Okon-Engstler,Australia,MF,Sydney FC,Australia
David Affengruber,Austria,DF,Elche CF,Spain
David Alaba,Austria,DF,Real Madrid Club de Fútbol,Spain
Kevin Danso,Austria,DF,Tottenham Hotspur F.C.,United Kingdom
Marco Friedl,Austria,DF,SV Werder Bremen,Germany
Michael Svoboda,Austria,DF,Venezia F.C.,Italy
Philipp Lienhart,Austria,DF,SC Freiburg,Germany
Phillipp Mwene,Austria,DF,1. FSV Mainz 05,Germany
Stefan Posch,Austria,DF,1. FSV Mainz 05,Germany
Marko Arnautović,Austria,FW,FK Crvena zvezda,Serbia
Michael Gregoritsch,Austria,FW,FC Augsburg,Germany
Patrick Wimmer,Austria,FW,VfL Wolfsburg,Germany
Saša Kalajdžić,Austria,FW,LASK Linz,Austria
Alexander Schlager,Austria,GK,FC Red Bull Salzburg,Austria
Florian Wiegele,Austria,GK,FC Viktoria Plzeň,Czech Republic
Patrick Pentz,Austria,GK,Brøndby IF,Denmark
Alessandro Schöpf,Austria,MF,Wolfsberger AC,Austria
Alexander Prass,Austria,MF,TSG 1899 Hoffenheim,Germany
Carney Chukwuemeka,Austria,MF,Borussia Dortmund,Germany
Dejan Ljubičić,Austria,MF,Schalke 04,Germany
Florian Grillitsch,Austria,MF,S.C. Braga,Portugal
Konrad Laimer,Austria,MF,FC Bayern Munich,Germany
Marcel Sabitzer,Austria,MF,Borussia Dortmund,Germany
Nicolas Seiwald,Austria,MF,RB Leipzig,Germany
Paul Wanner,Austria,MF,PSV Eindhoven,Netherlands
Romano Schmid,Austria,MF,SV Werder Bremen,Germany
Xaver Schlager,Austria,MF,RB Leipzig,Germany
Arthur Theate,Belgium,DF,Eintracht Frankfurt,Germany
Brandon Mechele,Belgium,DF,Club Brugge K.V.,Belgium
Joaquin Seys,Belgium,DF,Club Brugge K.V.,Belgium
Koni De Winter,Belgium,DF,AC Milan,Italy
Maxim De Cuyper,Belgium,DF,Brighton & Hove Albion F.C.,United Kingdom
Nathan Ngoy,Belgium,DF,Lille OSC,France
Thomas Meunier,Belgium,DF,Lille OSC,France
Timothy Castagne,Belgium,DF,Fulham F.C.,United Kingdom
Zeno Debast,Belgium,DF,Sporting CP,Portugal
Charles De Ketelaere,Belgium,FW,Atalanta BC,Italy
Dodi Lukébakio,Belgium,FW,S.L. Benfica,Portugal
Jérémy Doku,Belgium,FW,Manchester City F.C.,United Kingdom
Leandro Trossard,Belgium,FW,Arsenal F.C.,United Kingdom
Matias Fernandez-Pardo,Belgium,FW,Lille OSC,France
Romelu Lukaku,Belgium,FW,SSC Napoli,Italy
Mike Penders,Belgium,GK,RC Strasbourg Alsace,France
Senne Lammens,Belgium,GK,Manchester United F.C.,United Kingdom
Thibaut Courtois,Belgium,GK,Real Madrid Club de Fútbol,Spain
Alexis Saelemaekers,Belgium,MF,AC Milan,Italy
Amadou Onana,Belgium,MF,Aston Villa F.C.,United Kingdom
Axel Witsel,Belgium,MF,Girona FC,Spain
Diego Moreira,Belgium,MF,RC Strasbourg Alsace,France
Hans Vanaken,Belgium,MF,Club Brugge K.V.,Belgium
Kevin De Bruyne,Belgium,MF,SSC Napoli,Italy
Nicolas Raskin,Belgium,MF,Rangers F.C.,United Kingdom
Youri Tielemans,Belgium,MF,Aston Villa F.C.,United Kingdom
Amar Dedić,Bosnia and Herzegovina,DF,S.L. Benfica,Portugal
Arjan Malić,Bosnia and Herzegovina,DF,SK Sturm Graz,Austria
Dennis Hadžikadunić,Bosnia and Herzegovina,DF,U.C. Sampdoria,Italy
Nihad Mujakić,Bosnia and Herzegovina,DF,Gaziantep F.K.,Turkey
Nikola Katić,Bosnia and Herzegovina,DF,Schalke 04,Germany
Sead Kolašinac,Bosnia and Herzegovina,DF,Atalanta BC,Italy
Stjepan Radeljić,Bosnia and Herzegovina,DF,HNK Rijeka,Croatia
Tarik Muharemović,Bosnia and Herzegovina,DF,US Sassuolo Calcio,Italy
Edin Džeko,Bosnia and Herzegovina,FW,Schalke 04,Germany
Ermedin Demirović,Bosnia and Herzegovina,FW,VfB Stuttgart,Germany
Esmir Bajraktarević,Bosnia and Herzegovina,FW,PSV Eindhoven,Netherlands
Haris Tabaković,Bosnia and Herzegovina,FW,Borussia Mönchengladbach,Germany
Jovo Lukić,Bosnia and Herzegovina,FW,FC Universitatea Cluj,Romania
Kerim Alajbegović,Bosnia and Herzegovina,FW,FC Red Bull Salzburg,Austria
Samed Baždar,Bosnia and Herzegovina,FW,Jagiellonia Białystok,Poland
Martin Zlomislić,Bosnia and Herzegovina,GK,HNK Rijeka,Croatia
Mladen Jurkas,Bosnia and Herzegovina,GK,FK Borac Banja Luka,Bosnia and Herzegovina
Nikola Vasilj,Bosnia and Herzegovina,GK,FC St. Pauli,Germany
Amar Memić,Bosnia and Herzegovina,MF,FC Viktoria Plzeň,Czech Republic
Amir Hadžiahmetović,Bosnia and Herzegovina,MF,Hull City A.F.C.,United Kingdom
Armin Gigović,Bosnia and Herzegovina,MF,BSC Young Boys,Switzerland
Benjamin Tahirović,Bosnia and Herzegovina,MF,Brøndby IF,Denmark
Dženis Burnić,Bosnia and Herzegovina,MF,Karlsruher SC,Germany
Ermin Mahmić,Bosnia and Herzegovina,MF,FC Slovan Liberec,Czech Republic
Ivan Bašić,Bosnia and Herzegovina,MF,FC Astana,Kazakhstan
Ivan Šunjić,Bosnia and Herzegovina,MF,Pafos FC,Cyprus
Alex Sandro,Brazil,DF,Clube de Regatas do Flamengo,Brazil
Bremer,Brazil,DF,Juventus FC,Italy
Danilo Luiz,Brazil,DF,Clube de Regatas do Flamengo,Brazil
Douglas Santos,Brazil,DF,FC Zenit Saint Petersburg,Russia
Gabriel Magalhães,Brazil,DF,Arsenal F.C.,United Kingdom
Léo Pereira,Brazil,DF,Clube de Regatas do Flamengo,Brazil
Marquinhos,Brazil,DF,Paris Saint-Germain FC,France
Roger Ibañez,Brazil,DF,Al Ahli FC,Saudi Arabia
Endrick,Brazil,FW,Olympique Lyonnais,France
Gabriel Martinelli,Brazil,FW,Arsenal F.C.,United Kingdom
Igor Thiago,Brazil,FW,Brentford F.C.,United Kingdom
Luiz Henrique,Brazil,FW,FC Zenit Saint Petersburg,Russia
Matheus Cunha,Brazil,FW,Manchester United F.C.,United Kingdom
Neymar,Brazil,FW,Santos F.C.,Brazil
Raphinha,Brazil,FW,Fc Barcelona,Spain
Rayan,Brazil,FW,AFC Bournemouth,United Kingdom
Vinícius Júnior,Brazil,FW,Real Madrid Club de Fútbol,Spain
Alisson,Brazil,GK,Liverpool F.C.,United Kingdom
Ederson Moraes,Brazil,GK,Fenerbahçe Istanbul,Turkey
Weverton,Brazil,GK,Grêmio FBPA,Brazil
Bruno Guimarães,Brazil,MF,Newcastle United F.C.,United Kingdom
Casemiro,Brazil,MF,Manchester United F.C.,United Kingdom
Danilo Santos,Brazil,MF,Botafogo F.R.,Brazil
Fabinho,Brazil,MF,Al Ittihad FC,Saudi Arabia
Lucas Paquetá,Brazil,MF,Clube de Regatas do Flamengo,Brazil
Éderson Silva,Brazil,MF,Atalanta BC,Italy
Alfie Jones,Canada,DF,Middlesbrough F.C.,United Kingdom
Alistair Johnston,Canada,DF,Celtic F.C.,United Kingdom
Alphonso Davies,Canada,DF,FC Bayern Munich,Germany
Derek Cornelius,Canada,DF,Rangers F.C.,United Kingdom
Joel Waterman,Canada,DF,Chicago Fire FC,United States
Luc de Fougerolles,Canada,DF,F.C. Verbroedering Dender Eendracht Hekelgem,Belgium
Moïse Bombito,Canada,DF,OGC Nice,France
Niko Sigur,Canada,DF,HNK Hajduk Split,Croatia
Richie Laryea,Canada,DF,Toronto FC,Canada
Ali Ahmed,Canada,FW,Norwich City F.C.,United Kingdom
Cyle Larin,Canada,FW,Southampton F.C.,United Kingdom
Jayden Nelson,Canada,FW,Austin FC,United States
Jonathan David,Canada,FW,Juventus FC,Italy
Promise David,Canada,FW,Royale Union Saint-Gilloise,Belgium
Tajon Buchanan,Canada,FW,Villarreal CF,Spain
Tani Oluwaseyi,Canada,FW,Villarreal CF,Spain
Dayne St. Clair,Canada,GK,Inter Miami CF,United States
Maxime Crépeau,Canada,GK,Orlando City SC,United States
Owen Goodman,Canada,GK,Barnsley F.C.,United Kingdom
Ismaël Koné,Canada,MF,US Sassuolo Calcio,Italy
Jacob Shaffelburg,Canada,MF,Los Angeles FC,United States
Jonathan Osorio,Canada,MF,Toronto FC,Canada
Liam Millar,Canada,MF,Hull City A.F.C.,United Kingdom
Mathieu Choinière,Canada,MF,Los Angeles FC,United States
Nathan Saliba,Canada,MF,R.S.C. Anderlecht,Belgium
Stephen Eustáquio,Canada,MF,Los Angeles FC,United States
Diney,Cape Verde,DF,Al Bataeh Club,United Arab Emirates
Kelvin Pires,Cape Verde,DF,Seinäjoen Jalkapallokerho,Finland
Logan Costa,Cape Verde,DF,Villarreal CF,Spain
Roberto Lopes,Cape Verde,DF,Shamrock Rovers F.C.,Ireland
Sidny Lopes Cabral,Cape Verde,DF,S.L. Benfica,Portugal
Steven Moreira,Cape Verde,DF,Columbus Crew,United States
Stopira,Cape Verde,DF,S.C.U. Torreense,Portugal
Wagner Pina,Cape Verde,DF,Trabzonspor,Turkey
Dailon Livramento,Cape Verde,FW,Casa Pia A.C.,Portugal
Gilson Benchimol,Cape Verde,FW,FC Akron Tolyatti,Russia
Ryan Mendes,Cape Verde,FW,Iğdır FK,Turkey
CJ dos Santos,Cape Verde,GK,San Diego FC,United States
Márcio Rosa,Cape Verde,GK,PFC Montana,Bulgaria
Vozinha,Cape Verde,GK,G.D. Chaves,Portugal
Deroy Duarte,Cape Verde,MF,PFC Ludogorets 1945,Bulgaria
Garry Rodrigues,Cape Verde,MF,Apollon Limassol FC,Cyprus
Hélio Varela,Cape Verde,MF,Maccabi Tel Aviv F.C.,Israel
Jamiro Monteiro,Cape Verde,MF,PEC Zwolle,Netherlands
Jovane Cabral,Cape Verde,MF,C.F. Estrela da Amadora,Portugal
João Paulo,Cape Verde,MF,FCSB,Romania
Kevin Pina,Cape Verde,MF,FC Krasnodar,Russia
Laros Duarte,Cape Verde,MF,Ferenc Puskás Football Academy,Hungary
Nuno da Costa,Cape Verde,MF,İstanbul Başakşehir F.K.,Turkey
Telmo Arcanjo,Cape Verde,MF,Vitória S.C.,Portugal
Willy Semedo,Cape Verde,MF,AC Omonia,Cyprus
Yannick Semedo,Cape Verde,MF,S.C. Farense,Portugal
Daniel Muñoz,Colombia,DF,Crystal Palace F.C.,United Kingdom
Davinson Sánchez,Colombia,DF,Galatasaray S.K.,Turkey
Deiver Machado,Colombia,DF,FC Nantes,France
Gustavo Puerta,Colombia,DF,Racing de Santander,Spain
Jhon Lucumí,Colombia,DF,Bologna F.C. 1909,Italy
Johan Mojica,Colombia,DF,RCD Mallorca,Spain
Santiago Arias,Colombia,DF,Club Atlético Independiente,Argentina
Willer Ditta,Colombia,DF,Cruz Azul,Mexico
Yerry Mina,Colombia,DF,Cagliari Calcio,Italy
Andrés Gómez,Colombia,FW,CR Vasco da Gama,Brazil
Cucho Hernández,Colombia,FW,Real Betis Balompié,Spain
Jaminton Campaz,Colombia,FW,Club Atlético Rosario Central,Argentina
Jhon Córdoba,Colombia,FW,FC Krasnodar,Russia
Luis Díaz,Colombia,FW,FC Bayern Munich,Germany
Luis Suárez,Colombia,FW,Sporting CP,Portugal
Camilo Vargas,Colombia,GK,Atlas F.C.,Mexico
David Ospina,Colombia,GK,Atlético Nacional,Colombia
Álvaro Montero,Colombia,GK,Club Atlético Vélez Sarsfield,Argentina
James Rodríguez,Colombia,MF,Minnesota United FC,United States
Jefferson Lerma,Colombia,MF,Crystal Palace F.C.,United Kingdom
Jhon Arias,Colombia,MF,Sociedade Esportiva Palmeiras,Brazil
Jorge Carrascal,Colombia,MF,Clube de Regatas do Flamengo,Brazil
Juan Fernando Quintero,Colombia,MF,Club Atlético River Plate,Argentina
Juan Portilla,Colombia,MF,Club Athletico Paranaense,Brazil
Kevin Castaño,Colombia,MF,Club Atlético River Plate,Argentina
Richard Ríos,Colombia,MF,S.L. Benfica,Portugal
Duje Ćaleta-Car,Croatia,DF,Real Sociedad,Spain
Josip Stanišić,Croatia,DF,FC Bayern Munich,Germany
Josip Šutalo,Croatia,DF,AFC Ajax,Netherlands
Joško Gvardiol,Croatia,DF,Manchester City F.C.,United Kingdom
Kristijan Jakić,Croatia,DF,FC Augsburg,Germany
Luka Vušković,Croatia,DF,Hamburger SV,Germany
Marin Pongračić,Croatia,DF,ACF Fiorentina,Italy
Martin Erlić,Croatia,DF,FC Midtjylland,Denmark
Andrej Kramarić,Croatia,FW,TSG 1899 Hoffenheim,Germany
Ante Budimir,Croatia,FW,Club Atlético Osasuna,Spain
Igor Matanović,Croatia,FW,SC Freiburg,Germany
Ivan Perišić,Croatia,FW,PSV Eindhoven,Netherlands
Marco Pašalić,Croatia,FW,Orlando City SC,United States
Petar Musa,Croatia,FW,FC Dallas,United States
Dominik Kotarski,Croatia,GK,F.C. Copenhagen,Denmark
Dominik Livaković,Croatia,GK,GNK Dinamo Zagreb,Croatia
Ivor Pandur,Croatia,GK,Hull City A.F.C.,United Kingdom
Luka Modrić,Croatia,MF,AC Milan,Italy
Luka Sučić,Croatia,MF,Real Sociedad,Spain
Mario Pašalić,Croatia,MF,Atalanta BC,Italy
Martin Baturina,Croatia,MF,Como 1907,Italy
Mateo Kovačić,Croatia,MF,Manchester City F.C.,United Kingdom
Nikola Moro,Croatia,MF,Bologna F.C. 1909,Italy
Nikola Vlašić,Croatia,MF,Torino FC,Italy
Petar Sučić,Croatia,MF,Inter Milan,Italy
Toni Fruk,Croatia,MF,HNK Rijeka,Croatia
Armando Obispo,Curaçao,DF,PSV Eindhoven,Netherlands
Deveron Fonville,Curaçao,DF,N.E.C.,Netherlands
Joshua Brenet,Curaçao,DF,Kayserispor,Turkey
Juriën Gaari,Curaçao,DF,Abha,Saudi Arabia
Riechedly Bazoer,Curaçao,DF,Konyaspor,Turkey
Roshon van Eijma,Curaçao,DF,RKC Waalwijk,Netherlands
Sherel Floranus,Curaçao,DF,PEC Zwolle,Netherlands
Shurandy Sambo,Curaçao,DF,Sparta Rotterdam,Netherlands
Brandley Kuwas,Curaçao,FW,FC Volendam,Netherlands
Gervane Kastaneer,Curaçao,FW,Terengganu F.C.,Malaysia
Jearl Margaritha,Curaçao,FW,Sportkring Beveren,Belgium
Jeremy Antonisse,Curaçao,FW,A.E. Kifisia F.C.,Greece
Jürgen Locadia,Curaçao,FW,Miami FC,United States
Kenji Gorré,Curaçao,FW,Maccabi Haifa F.C.,Israel
Sontje Hansen,Curaçao,FW,Middlesbrough F.C.,United Kingdom
Tyrese Noslin,Curaçao,FW,SC Telstar,Netherlands
Eloy Room,Curaçao,GK,Miami FC,United States
Trevor Doornbusch,Curaçao,GK,VVV-Venlo,Netherlands
Tyrick Bodak,Curaçao,GK,SC Telstar,Netherlands
Ar'jany Martha,Curaçao,MF,Rotherham United F.C.,United Kingdom
Godfried Roemeratoe,Curaçao,MF,RKC Waalwijk,Netherlands
Juninho Bacuna,Curaçao,MF,FC Volendam,Netherlands
Kevin Felida,Curaçao,MF,FC Den Bosch,Netherlands
Leandro Bacuna,Curaçao,MF,Iğdır FK,Turkey
Livano Comenencia,Curaçao,MF,FC Zürich,Switzerland
Tahith Chong,Curaçao,MF,Sheffield United F.C.,United Kingdom
David Douděra,Czech Republic,DF,SK Slavia Prague,Czech Republic
David Jurásek,Czech Republic,DF,SK Slavia Prague,Czech Republic
David Zima,Czech Republic,DF,SK Slavia Prague,Czech Republic
Jaroslav Zelený,Czech Republic,DF,AC Sparta Prague,Czech Republic
Ladislav Krejčí,Czech Republic,DF,Wolverhampton Wanderers F.C.,United Kingdom
Robin Hranáč,Czech Republic,DF,TSG 1899 Hoffenheim,Germany
Tomáš Holeš,Czech Republic,DF,SK Slavia Prague,Czech Republic
Vladimír Coufal,Czech Republic,DF,TSG 1899 Hoffenheim,Germany
Štěpán Chaloupek,Czech Republic,DF,SK Slavia Prague,Czech Republic
Adam Hložek,Czech Republic,FW,TSG 1899 Hoffenheim,Germany
Denis Višinský,Czech Republic,FW,FC Viktoria Plzeň,Czech Republic
Jan Kuchta,Czech Republic,FW,AC Sparta Prague,Czech Republic
Mojmír Chytil,Czech Republic,FW,SK Slavia Prague,Czech Republic
Patrik Schick,Czech Republic,FW,Bayer 04 Leverkusen,Germany
Pavel Šulc,Czech Republic,FW,Olympique Lyonnais,France
Tomáš Chorý,Czech Republic,FW,SK Slavia Prague,Czech Republic
Jindřich Staněk,Czech Republic,GK,SK Slavia Prague,Czech Republic
Lukáš Horníček,Czech Republic,GK,S.C. Braga,Portugal
Matěj Kovář,Czech Republic,GK,PSV Eindhoven,Netherlands
Alexandr Sojka,Czech Republic,MF,FC Viktoria Plzeň,Czech Republic
Hugo Sochůrek,Czech Republic,MF,AC Sparta Prague,Czech Republic
Lukáš Provod,Czech Republic,MF,SK Slavia Prague,Czech Republic
Lukáš Červ,Czech Republic,MF,FC Viktoria Plzeň,Czech Republic
Michal Sadílek,Czech Republic,MF,SK Slavia Prague,Czech Republic
Tomáš Souček,Czech Republic,MF,West Ham United F.C.,United Kingdom
Vladimír Darida,Czech Republic,MF,FC Hradec Králové,Czech Republic
Aaron Wan-Bissaka,DR Congo,DF,West Ham United F.C.,United Kingdom
Arthur Masuaku,DR Congo,DF,R.C. Lens,France
Axel Tuanzebe,DR Congo,DF,Burnley F.C.,United Kingdom
Chancel Mbemba,DR Congo,DF,Lille OSC,France
Dylan Batubinsika,DR Congo,DF,Athlitiki Enosi Larissa F.C.,Greece
Gédéon Kalulu,DR Congo,DF,Aris Limassol F.C.,Cyprus
Joris Kayembe,DR Congo,DF,K.R.C. Genk,Belgium
Steve Kapuadi,DR Congo,DF,RTS Widzew Łódź,Poland
Brian Cipenga,DR Congo,FW,CD Castellón,Spain
Cédric Bakambu,DR Congo,FW,Real Betis Balompié,Spain
Fiston Mayele,DR Congo,FW,Pyramids FC,Egypt
Gaël Kakuta,DR Congo,FW,Athlitiki Enosi Larissa F.C.,Greece
Meschak Elia,DR Congo,FW,Alanyaspor,Turkey
Simon Banza,DR Congo,FW,Al Jazira Club,United Arab Emirates
Yoane Wissa,DR Congo,FW,Newcastle United F.C.,United Kingdom
Lionel Mpasi,DR Congo,GK,Le Havre AC,France
Matthieu Epolo,DR Congo,GK,Standard Liège,Belgium
Timothy Fayulu,DR Congo,GK,FC Noah,Armenia
Aaron Tshibola,DR Congo,MF,Kilmarnock F.C.,United Kingdom
Charles Pickel,DR Congo,MF,RCD Espanyol de Barcelona,Spain
Edo Kayembe,DR Congo,MF,Watford F.C.,United Kingdom
Nathanaël Mbuku,DR Congo,MF,Montpellier Hérault Sport Club,France
Ngal'ayel Mukau,DR Congo,MF,Lille OSC,France
Noah Sadiki,DR Congo,MF,Sunderland A.F.C.,United Kingdom
Samuel Moutoussamy,DR Congo,MF,Atromitos F.C.,Greece
Théo Bongonda,DR Congo,MF,Spartak Moscow,Russia
Félix Torres,Ecuador,DF,S.C. Internacional,Brazil
Jackson Porozo,Ecuador,DF,Club Tijuana,Mexico
Joel Ordóñez,Ecuador,DF,Club Brugge K.V.,Belgium
Pervis Estupiñán,Ecuador,DF,AC Milan,Italy
Piero Hincapié,Ecuador,DF,Arsenal F.C.,United Kingdom
Willian Pacho,Ecuador,DF,Paris Saint-Germain FC,France
Yaimar Medina,Ecuador,DF,K.R.C. Genk,Belgium
Ángelo Preciado,Ecuador,DF,Clube Atlético Mineiro,Brazil
Enner Valencia,Ecuador,FW,CF Pachuca,Mexico
Gonzalo Plata,Ecuador,FW,Clube de Regatas do Flamengo,Brazil
Jeremy Arévalo,Ecuador,FW,VfB Stuttgart,Germany
John Yeboah,Ecuador,FW,Venezia F.C.,Italy
Jordy Caicedo,Ecuador,FW,Club Atlético Huracán,Argentina
Kevin Rodríguez,Ecuador,FW,Royale Union Saint-Gilloise,Belgium
Nilson Angulo,Ecuador,FW,Sunderland A.F.C.,United Kingdom
Gonzalo Valle,Ecuador,GK,Liga Deportiva Universitaria de Quito,Ecuador
Hernán Galíndez,Ecuador,GK,Club Atlético Huracán,Argentina
Moisés Ramírez,Ecuador,GK,A.E. Kifisia F.C.,Greece
Alan Franco,Ecuador,MF,Clube Atlético Mineiro,Brazil
Alan Minda,Ecuador,MF,Clube Atlético Mineiro,Brazil
Anthony Valencia,Ecuador,MF,Royal Antwerp F.C.,Belgium
Denil Castillo,Ecuador,MF,FC Midtjylland,Denmark
Jordy Alcívar,Ecuador,MF,Independiente del Valle,Ecuador
Kendry Páez,Ecuador,MF,Club Atlético River Plate,Argentina
Moisés Caicedo,Ecuador,MF,Chelsea F.C.,United Kingdom
Pedro Vite,Ecuador,MF,Pumas UNAM,Mexico
Ahmed Fatouh,Egypt,DF,Zamalek SC,Egypt
Hossam Abdelmaguid,Egypt,DF,Zamalek SC,Egypt
Karim Hafez,Egypt,DF,Pyramids FC,Egypt
Mohamed Abdelmonem,Egypt,DF,OGC Nice,France
Mohamed Hany,Egypt,DF,Al Ahly SC,Egypt
Ramy Rabia,Egypt,DF,Al Ain FC,United Arab Emirates
Tarek Alaa,Egypt,DF,ZED FC,Egypt
Yasser Ibrahim,Egypt,DF,Al Ahly SC,Egypt
Haissem Hassan,Egypt,FW,Real Oviedo,Spain
Hamza Abdelkarim,Egypt,FW,FC Barcelona Atlètic,Spain
Ibrahim Adel,Egypt,FW,FC Nordsjælland,Denmark
Mohamed Salah,Egypt,FW,Liverpool F.C.,United Kingdom
Omar Marmoush,Egypt,FW,Manchester City F.C.,United Kingdom
Trézéguet,Egypt,FW,Al Ahly SC,Egypt
Zizo,Egypt,FW,Al Ahly SC,Egypt
El Mahdy Soliman,Egypt,GK,Zamalek SC,Egypt
Mohamed Alaa,Egypt,GK,El Gouna FC,Egypt
Mohamed El Shenawy,Egypt,GK,Al Ahly SC,Egypt
Mostafa Shobeir,Egypt,GK,Al Ahly SC,Egypt
Emam Ashour,Egypt,MF,Al Ahly SC,Egypt
Hamdy Fathy,Egypt,MF,Al-Wakrah Sports Club,Qatar
Mahmoud Saber,Egypt,MF,ZED FC,Egypt
Marwan Attia,Egypt,MF,Al Ahly SC,Egypt
Mohanad Lasheen,Egypt,MF,Pyramids FC,Egypt
Mostafa Ziko,Egypt,MF,Pyramids FC,Egypt
Nabil Emad,Egypt,MF,Al-Najma,Saudi Arabia
Dan Burn,England,DF,Newcastle United F.C.,United Kingdom
Djed Spence,England,DF,Tottenham Hotspur F.C.,United Kingdom
Ezri Konsa,England,DF,Aston Villa F.C.,United Kingdom
Jarell Quansah,England,DF,Bayer 04 Leverkusen,Germany
John Stones,England,DF,Manchester City F.C.,United Kingdom
Marc Guéhi,England,DF,Manchester City F.C.,United Kingdom
Nico O'Reilly,England,DF,Manchester City F.C.,United Kingdom
Reece James,England,DF,Chelsea F.C.,United Kingdom
Tino Livramento,England,DF,Newcastle United F.C.,United Kingdom
Anthony Gordon,England,FW,Newcastle United F.C.,United Kingdom
Bukayo Saka,England,FW,Arsenal F.C.,United Kingdom
Harry Kane,England,FW,FC Bayern Munich,Germany
Ivan Toney,England,FW,Al Ahli FC,Saudi Arabia
Marcus Rashford,England,FW,Fc Barcelona,Spain
Noni Madueke,England,FW,Arsenal F.C.,United Kingdom
Ollie Watkins,England,FW,Aston Villa F.C.,United Kingdom
Dean Henderson,England,GK,Crystal Palace F.C.,United Kingdom
James Trafford,England,GK,Manchester City F.C.,United Kingdom
Jordan Pickford,England,GK,Everton F.C.,United Kingdom
Declan Rice,England,MF,Arsenal F.C.,United Kingdom
Eberechi Eze,England,MF,Arsenal F.C.,United Kingdom
Elliot Anderson,England,MF,Nottingham Forest F.C.,United Kingdom
Jordan Henderson,England,MF,Brentford F.C.,United Kingdom
Jude Bellingham,England,MF,Real Madrid Club de Fútbol,Spain
Kobbie Mainoo,England,MF,Manchester United F.C.,United Kingdom
Morgan Rogers,England,MF,Aston Villa F.C.,United Kingdom
Dayot Upamecano,France,DF,FC Bayern Munich,Germany
Ibrahima Konaté,France,DF,Liverpool F.C.,United Kingdom
Jules Koundé,France,DF,Fc Barcelona,Spain
Lucas Digne,France,DF,Aston Villa F.C.,United Kingdom
Lucas Hernandez,France,DF,Paris Saint-Germain FC,France
Malo Gusto,France,DF,Chelsea F.C.,United Kingdom
Maxence Lacroix,France,DF,Crystal Palace F.C.,United Kingdom
Théo Hernandez,France,DF,Al Hilal SFC,Saudi Arabia
William Saliba,France,DF,Arsenal F.C.,United Kingdom
Bradley Barcola,France,FW,Paris Saint-Germain FC,France
Désiré Doué,France,FW,Paris Saint-Germain FC,France
Jean-Philippe Mateta,France,FW,Crystal Palace F.C.,United Kingdom
Kylian Mbappé,France,FW,Real Madrid Club de Fútbol,Spain
Marcus Thuram,France,FW,Inter Milan,Italy
Michael Olise,France,FW,FC Bayern Munich,Germany
Ousmane Dembélé,France,FW,Paris Saint-Germain FC,France
Brice Samba,France,GK,Stade Rennais F.C.,France
Mike Maignan,France,GK,AC Milan,Italy
Robin Risser,France,GK,R.C. Lens,France
Adrien Rabiot,France,MF,AC Milan,Italy
Aurélien Tchouaméni,France,MF,Real Madrid Club de Fútbol,Spain
Maghnes Akliouche,France,MF,AS Monaco FC,Monaco
Manu Koné,France,MF,AS Roma,Italy
N'Golo Kanté,France,MF,Fenerbahçe Istanbul,Turkey
Rayan Cherki,France,MF,Manchester City F.C.,United Kingdom
Warren Zaïre-Emery,France,MF,Paris Saint-Germain FC,France
Antonio Rüdiger,Germany,DF,Real Madrid Club de Fútbol,Spain
David Raum,Germany,DF,RB Leipzig,Germany
Jonathan Tah,Germany,DF,FC Bayern Munich,Germany
Joshua Kimmich,Germany,DF,FC Bayern Munich,Germany
Malick Thiaw,Germany,DF,Newcastle United F.C.,United Kingdom
Nathaniel Brown,Germany,DF,Eintracht Frankfurt,Germany
Nico Schlotterbeck,Germany,DF,Borussia Dortmund,Germany
Waldemar Anton,Germany,DF,Borussia Dortmund,Germany
Deniz Undav,Germany,FW,VfB Stuttgart,Germany
Kai Havertz,Germany,FW,Arsenal F.C.,United Kingdom
Maximilian Beier,Germany,FW,Borussia Dortmund,Germany
Nick Woltemade,Germany,FW,Newcastle United F.C.,United Kingdom
Alexander Nübel,Germany,GK,VfB Stuttgart,Germany
Manuel Neuer,Germany,GK,FC Bayern Munich,Germany
Oliver Baumann,Germany,GK,TSG 1899 Hoffenheim,Germany
Aleksandar Pavlović,Germany,MF,FC Bayern Munich,Germany
Angelo Stiller,Germany,MF,VfB Stuttgart,Germany
Assan Ouédraogo,Germany,MF,RB Leipzig,Germany
Felix Nmecha,Germany,MF,Borussia Dortmund,Germany
Florian Wirtz,Germany,MF,Liverpool F.C.,United Kingdom
Jamal Musiala,Germany,MF,FC Bayern Munich,Germany
Jamie Leweling,Germany,MF,VfB Stuttgart,Germany
Leon Goretzka,Germany,MF,FC Bayern Munich,Germany
Leroy Sané,Germany,MF,Galatasaray S.K.,Turkey
Nadiem Amiri,Germany,MF,1. FSV Mainz 05,Germany
Pascal Groß,Germany,MF,Brighton & Hove Albion F.C.,United Kingdom
Abdul Mumin,Ghana,DF,Rayo Vallecano,Spain
Abdul Rahman Baba,Ghana,DF,PAOK FC,Greece
Alidu Seidu,Ghana,DF,Stade Rennais F.C.,France
Derrick Luckassen,Ghana,DF,Pafos FC,Cyprus
Gideon Mensah,Ghana,DF,AJ Auxerre,France
Jerome Opoku,Ghana,DF,İstanbul Başakşehir F.K.,Turkey
Jonas Adjetey,Ghana,DF,VfL Wolfsburg,Germany
Kojo Peprah Oppong,Ghana,DF,OGC Nice,France
Marvin Senaya,Ghana,DF,AJ Auxerre,France
Abdul Fatawu,Ghana,FW,Leicester City F.C.,United Kingdom
Brandon Thomas-Asante,Ghana,FW,Coventry City F.C.,United Kingdom
Christopher Bonsu Baah,Ghana,FW,Al Qadsiah FC,Saudi Arabia
Ernest Nuamah,Ghana,FW,Olympique Lyonnais,France
Iñaki Williams,Ghana,FW,Athletic Club,Spain
Jordan Ayew,Ghana,FW,Leicester City F.C.,United Kingdom
Kamaldeen Sulemana,Ghana,FW,Atalanta BC,Italy
Prince Kwabena Adu,Ghana,FW,FC Viktoria Plzeň,Czech Republic
Benjamin Asare,Ghana,GK,Accra Hearts of Oak SC,Ghana
Joseph Anang,Ghana,GK,St Patrick's Athletic F.C.,Ireland
Lawrence Ati-Zigi,Ghana,GK,FC St. Gallen,Switzerland
Antoine Semenyo,Ghana,MF,Manchester City F.C.,United Kingdom
Augustine Boakye,Ghana,MF,AS Saint-Étienne,France
Caleb Yirenkyi,Ghana,MF,FC Nordsjælland,Denmark
Elisha Owusu,Ghana,MF,AJ Auxerre,France
Kwasi Sibo,Ghana,MF,Real Oviedo,Spain
Thomas Partey,Ghana,MF,Villarreal CF,Spain
Carlens Arcus,Haiti,DF,Angers SCO,France
Duke Lacroix,Haiti,DF,Colorado Springs Switchbacks FC,United States
Garven Metusala,Haiti,DF,Colorado Springs Switchbacks FC,United States
Hannes Delcroix,Haiti,DF,FC Lugano,Switzerland
Jean-Kévin Duverne,Haiti,DF,KAA Gent,Belgium
Keeto Thermoncy,Haiti,DF,BSC Young Boys,Switzerland
Martin Expérience,Haiti,DF,A.S. Nancy-Lorraine,France
Ricardo Adé,Haiti,DF,Liga Deportiva Universitaria de Quito,Ecuador
Wilguens Paugain,Haiti,DF,S.V. Zulte Waregem,Belgium
Derrick Etienne Jr.,Haiti,FW,Toronto FC,Canada
Duckens Nazon,Haiti,FW,Esteghlal F.C.,Iran
Frantzdy Pierrot,Haiti,FW,Çaykur Rizespor,Turkey
Josué Casimir,Haiti,FW,AJ Auxerre,France
Lenny Joseph,Haiti,FW,Ferencvárosi TC,Hungary
Louicius Deedson,Haiti,FW,FC Dallas,United States
Ruben Providence,Haiti,FW,Almere City FC,Netherlands
Wilson Isidor,Haiti,FW,Sunderland A.F.C.,United Kingdom
Yassin Fortuné,Haiti,FW,F.C. Vizela,Portugal
Alexandre Pierre,Haiti,GK,FC Sochaux-Montbéliard,France
Johny Placide,Haiti,GK,SC Bastia,France
Josué Duverger,Haiti,GK,FC Cosmos Koblenz,Germany
Carl Sainté,Haiti,MF,El Paso Locomotive FC,United States
Danley Jean Jacques,Haiti,MF,Philadelphia Union,United States
Dominique Simon,Haiti,MF,1. FC Tatran Prešov,Slovakia
Jean-Ricner Bellegarde,Haiti,MF,Wolverhampton Wanderers F.C.,United Kingdom
Woodensky Pierre,Haiti,MF,Violette A.C.,Haiti
Ali Nemati,Iran,DF,Foolad F.C.,Iran
Aria Yousefi,Iran,DF,Sepahan F.C.,Iran
Danial Eiri,Iran,DF,Malavan F.C.,Iran
Ehsan Hajsafi,Iran,DF,Sepahan F.C.,Iran
Hossein Kanaanizadegan,Iran,DF,Persepolis F.C.,Iran
Milad Mohammadi,Iran,DF,Persepolis F.C.,Iran
Ramin Rezaeian,Iran,DF,Foolad F.C.,Iran
Saleh Hardani,Iran,DF,Esteghlal F.C.,Iran
Shojae Khalilzadeh,Iran,DF,Tractor F.C,Iran
Ali Alipour,Iran,FW,Persepolis F.C.,Iran
Amirhossein Hosseinzadeh,Iran,FW,Tractor F.C,Iran
Dennis Eckert,Iran,FW,Standard Liège,Belgium
Mehdi Ghayedi,Iran,FW,Alshariqa,United Arab Emirates
Mehdi Taremi,Iran,FW,Olympiacos F.C.,Greece
Shahriyar Moghanlou,Iran,FW,Kalba FC,United Arab Emirates
Alireza Beiranvand,Iran,GK,Tractor F.C,Iran
Hossein Hosseini,Iran,GK,Sepahan F.C.,Iran
Payam Niazmand,Iran,GK,Persepolis F.C.,Iran
Alireza Jahanbakhsh,Iran,MF,F.C. Verbroedering Dender Eendracht Hekelgem,Belgium
Amirmohammad Razzaghinia,Iran,MF,Esteghlal F.C.,Iran
Mehdi Torabi,Iran,MF,Tractor F.C,Iran
Mohammad Ghorbani,Iran,MF,Al-Wahda S.C.C.,United Arab Emirates
Mohammad Mohebi,Iran,MF,FC Rostov,Russia
Rouzbeh Cheshmi,Iran,MF,Esteghlal F.C.,Iran
Saeid Ezatolahi,Iran,MF,Shabab AlAhli Dubai Club,United Arab Emirates
Saman Ghoddos,Iran,MF,Kalba FC,United Arab Emirates
Ahmed Maknzi,Iraq,DF,Al-Karma SC,Iraq
Akam Hashim,Iraq,DF,Al-Zawra'a SC,Iraq
Frans Putros,Iraq,DF,Persib Bandung,Indonesia
Hussein Ali,Iraq,DF,Pogoń Szczecin,Poland
Manaf Younis,Iraq,DF,Al-Shorta Baghdad,Iraq
Merchas Doski,Iraq,DF,FC Viktoria Plzeň,Czech Republic
Mustafa Saadoon,Iraq,DF,Al-Shorta Baghdad,Iraq
Rebin Sulaka,Iraq,DF,Port F.C.,Thailand
Zaid Tahseen,Iraq,DF,Pakhtakor Tashkent FK,Uzbekistan
Ahmed Qasem,Iraq,FW,Nashville SC,United States
Ali Al-Hamadi,Iraq,FW,Luton Town F.C.,United Kingdom
Ali Jasim,Iraq,FW,Al-Najma,Saudi Arabia
Ali Yousif,Iraq,FW,Talaba SC,Iraq
Aymen Hussein,Iraq,FW,Al-Karma SC,Iraq
Marko Farji,Iraq,FW,Venezia F.C.,Italy
Mohanad Ali,Iraq,FW,Dibba Club,United Arab Emirates
Ahmed Basil,Iraq,GK,Al-Shorta Baghdad,Iraq
Fahad Talib,Iraq,GK,Talaba SC,Iraq
Jalal Hassan,Iraq,GK,Al-Zawra'a SC,Iraq
Aimar Sher,Iraq,MF,Sarpsborg 08 FF,Norway
Amir Al-Ammari,Iraq,MF,KS Cracovia,Poland
Ibrahim Bayesh,Iraq,MF,Al Dhafra Club,United Arab Emirates
Kevin Yakob,Iraq,MF,Aarhus Gymnastikforening,Denmark
Youssef Amyn,Iraq,MF,AEK Larnaca F.C.,Cyprus
Zaid Ismail,Iraq,MF,Talaba SC,Iraq
Zidane Iqbal,Iraq,MF,FC Utrecht,Netherlands
Christopher Opéri,Ivory Coast,DF,İstanbul Başakşehir F.K.,Turkey
Emmanuel Agbadou,Ivory Coast,DF,Beşiktaş J.K. (Football),Turkey
Evan Ndicka,Ivory Coast,DF,AS Roma,Italy
Ghislain Konan,Ivory Coast,DF,Gil Vicente F.C.,Portugal
Guéla Doué,Ivory Coast,DF,RC Strasbourg Alsace,France
Odilon Kossounou,Ivory Coast,DF,Atalanta BC,Italy
Ousmane Diomande,Ivory Coast,DF,Sporting CP,Portugal
Wilfried Singo,Ivory Coast,DF,Galatasaray S.K.,Turkey
Amad Diallo,Ivory Coast,FW,Manchester United F.C.,United Kingdom
Ange-Yoan Bonny,Ivory Coast,FW,Inter Milan,Italy
Bazoumana Touré,Ivory Coast,FW,TSG 1899 Hoffenheim,Germany
Elye Wahi,Ivory Coast,FW,OGC Nice,France
Evann Guessand,Ivory Coast,FW,Crystal Palace F.C.,United Kingdom
Nicolas Pépé,Ivory Coast,FW,Villarreal CF,Spain
Oumar Diakité,Ivory Coast,FW,Cercle Brugge K.S.V.,Belgium
Simon Adingra,Ivory Coast,FW,AS Monaco FC,Monaco
Yan Diomande,Ivory Coast,FW,RB Leipzig,Germany
Alban Lafont,Ivory Coast,GK,Panathinaikos F.C.,Greece
Mohamed Koné,Ivory Coast,GK,Royal Charleroi S.C.,Belgium
Yahia Fofana,Ivory Coast,GK,Çaykur Rizespor,Turkey
Christ Inao Oulaï,Ivory Coast,MF,Trabzonspor,Turkey
Franck Kessié,Ivory Coast,MF,Al Ahli FC,Saudi Arabia
Ibrahim Sangaré,Ivory Coast,MF,Nottingham Forest F.C.,United Kingdom
Jean Michaël Seri,Ivory Coast,MF,NK Maribor,Slovenia
Parfait Guiagon,Ivory Coast,MF,Royal Charleroi S.C.,Belgium
Seko Fofana,Ivory Coast,MF,FC Porto,Portugal
Ayumu Seko,Japan,DF,Le Havre AC,France
Hiroki Itō,Japan,DF,FC Bayern Munich,Germany
Junnosuke Suzuki,Japan,DF,F.C. Copenhagen,Denmark
Kō Itakura,Japan,DF,AFC Ajax,Netherlands
Shōgo Taniguchi,Japan,DF,Sint-Truidense V.V.,Belgium
Takehiro Tomiyasu,Japan,DF,AFC Ajax,Netherlands
Tsuyoshi Watanabe,Japan,DF,Feyenoord Rotterdam,Netherlands
Yukinari Sugawara,Japan,DF,SV Werder Bremen,Germany
Yūto Nagatomo,Japan,DF,FC Tokyo,Japan
Ayase Ueda,Japan,FW,Feyenoord Rotterdam,Netherlands
Keisuke Gotō,Japan,FW,Sint-Truidense V.V.,Belgium
Kento Shiogai,Japan,FW,VfL Wolfsburg,Germany
Kōki Ogawa,Japan,FW,N.E.C.,Netherlands
Shuto Machino,Japan,FW,Borussia Mönchengladbach,Germany
Keisuke Ōsako,Japan,GK,Sanfrecce Hiroshima,Japan
Tomoki Hayakawa,Japan,GK,Kashima Antlers,Japan
Zion Suzuki,Japan,GK,Parma Calcio 1913,Italy
Ao Tanaka,Japan,MF,Leeds United F.C.,United Kingdom
Daichi Kamada,Japan,MF,Crystal Palace F.C.,United Kingdom
Daizen Maeda,Japan,MF,Celtic F.C.,United Kingdom
Junya Itō,Japan,MF,K.R.C. Genk,Belgium
Kaishū Sano,Japan,MF,1. FSV Mainz 05,Germany
Keito Nakamura,Japan,MF,Stade de Reims,France
Ritsu Dōan,Japan,MF,Eintracht Frankfurt,Germany
Takefusa Kubo,Japan,MF,Real Sociedad,Spain
Yuito Suzuki,Japan,MF,SC Freiburg,Germany
Abdallah Nasib,Jordan,DF,Al-Zawra'a SC,Iraq
Anas Badawi,Jordan,DF,Al-Faisaly SC,Jordan
Husam Abu Dahab,Jordan,DF,Al-Faisaly SC,Jordan
Ihsan Haddad,Jordan,DF,Al-Hussein SC,Jordan
Mo Abualnadi,Jordan,DF,Selangor F.C.,Malaysia
Mohammad Abu Hashish,Jordan,DF,Al-Karma SC,Iraq
Saed Al-Rosan,Jordan,DF,Al-Hussein SC,Jordan
Salim Obaid,Jordan,DF,Al-Hussein SC,Jordan
Yazan Al-Arab,Jordan,DF,FC Seoul,South Korea
Ali Azaizeh,Jordan,FW,Al-Shabab Football Club,Saudi Arabia
Ali Olwan,Jordan,FW,Al-Sailiya Sports Club,Qatar
Mahmoud Al-Mardi,Jordan,FW,Al-Hussein SC,Jordan
Mohammad Abu Zrayq,Jordan,FW,Raja Club Athletic,Morocco
Musa Al-Taamari,Jordan,FW,Stade Rennais F.C.,France
Odeh Al-Fakhouri,Jordan,FW,Pyramids FC,Egypt
Abdallah Al-Fakhouri,Jordan,GK,Al-Wehdat SC,Jordan
Nour Bani Attiah,Jordan,GK,Al-Faisaly SC,Jordan
Yazeed Abulaila,Jordan,GK,Al-Hussein SC,Jordan
Amer Jamous,Jordan,MF,Al-Zawra'a SC,Iraq
Ibrahim Sadeh,Jordan,MF,Al-Karma SC,Iraq
Mohammad Al-Dawoud,Jordan,MF,Al-Wehdat SC,Jordan
Mohammad Taha,Jordan,MF,Al-Hussein SC,Jordan
Mohannad Abu Taha,Jordan,MF,Al-Quwa Al-Jawiya,Iraq
Nizar Al-Rashdan,Jordan,MF,Qatar SC,Qatar
Noor Al-Rawabdeh,Jordan,MF,Selangor F.C.,Malaysia
Rajaei Ayed,Jordan,MF,Al-Hussein SC,Jordan
César Montes,Mexico,DF,FC Lokomotiv Moscow,Russia
Edson Álvarez,Mexico,DF,Fenerbahçe Istanbul,Turkey
Israel Reyes,Mexico,DF,Club América,Mexico
Jesús Gallardo,Mexico,DF,Deportivo Toluca F.C.,Mexico
Johan Vásquez,Mexico,DF,Genoa CFC,Italy
Jorge Sánchez,Mexico,DF,PAOK FC,Greece
Mateo Chávez,Mexico,DF,AZ Alkmaar,Netherlands
Alexis Vega,Mexico,FW,Deportivo Toluca F.C.,Mexico
Armando González,Mexico,FW,C.D. Guadalajara,Mexico
César Huerta,Mexico,FW,R.S.C. Anderlecht,Belgium
Guillermo Martínez,Mexico,FW,Pumas UNAM,Mexico
Julián Quiñones,Mexico,FW,Al Qadsiah FC,Saudi Arabia
Raúl Jiménez,Mexico,FW,Fulham F.C.,United Kingdom
Roberto Alvarado,Mexico,FW,C.D. Guadalajara,Mexico
Santiago Giménez,Mexico,FW,AC Milan,Italy
Carlos Acevedo,Mexico,GK,Santos Laguna,Mexico
Guillermo Ochoa,Mexico,GK,AEL Limassol FC,Cyprus
Raúl Rangel,Mexico,GK,C.D. Guadalajara,Mexico
Brian Gutiérrez,Mexico,MF,C.D. Guadalajara,Mexico
Gilberto Mora,Mexico,MF,Club Tijuana,Mexico
Luis Chávez,Mexico,MF,FC Dinamo Moscow,Russia
Luis Romo,Mexico,MF,C.D. Guadalajara,Mexico
Obed Vargas,Mexico,MF,Atlético Madrid,Spain
Orbelín Pineda,Mexico,MF,AEK Athens F.C.,Greece
Álvaro Fidalgo,Mexico,MF,Real Betis Balompié,Spain
Érik Lira,Mexico,MF,Cruz Azul,Mexico
Achraf Hakimi,Morocco,DF,Paris Saint-Germain FC,France
Anass Salah-Eddine,Morocco,DF,PSV Eindhoven,Netherlands
Chadi Riad,Morocco,DF,Crystal Palace F.C.,United Kingdom
Issa Diop,Morocco,DF,Fulham F.C.,United Kingdom
Marwane Saâdane,Morocco,DF,Al Fateh SC,Saudi Arabia
Noussair Mazraoui,Morocco,DF,Manchester United F.C.,United Kingdom
Redouane Halhal,Morocco,DF,KV Mechelen,Belgium
Youssef Belammari,Morocco,DF,Al Ahly SC,Egypt
Zakaria El Ouahdi,Morocco,DF,K.R.C. Genk,Belgium
Amine Sbaï,Morocco,FW,Angers SCO,France
Ayoub El Kaabi,Morocco,FW,Olympiacos F.C.,Greece
Ayoube Amaimouni,Morocco,FW,Eintracht Frankfurt,Germany
Brahim Díaz,Morocco,FW,Real Madrid Club de Fútbol,Spain
Soufiane Rahimi,Morocco,FW,Al Ain FC,United Arab Emirates
Ahmed Reda Tagnaouti,Morocco,GK,FAR Rabar,Morocco
Munir Mohamedi,Morocco,GK,RS Berkane,Morocco
Yassine Bounou,Morocco,GK,Al Hilal SFC,Saudi Arabia
Ayyoub Bouaddi,Morocco,MF,Lille OSC,France
Azzedine Ounahi,Morocco,MF,Girona FC,Spain
Bilal El Khannouss,Morocco,MF,VfB Stuttgart,Germany
Chemsdine Talbi,Morocco,MF,Sunderland A.F.C.,United Kingdom
Gessime Yassine,Morocco,MF,RC Strasbourg Alsace,France
Ismael Saibari,Morocco,MF,PSV Eindhoven,Netherlands
Neil El Aynaoui,Morocco,MF,AS Roma,Italy
Samir El Mourabet,Morocco,MF,RC Strasbourg Alsace,France
Sofyan Amrabat,Morocco,MF,Real Betis Balompié,Spain
Denzel Dumfries,Netherlands,DF,Inter Milan,Italy
Jan Paul van Hecke,Netherlands,DF,Brighton & Hove Albion F.C.,United Kingdom
Jorrel Hato,Netherlands,DF,Chelsea F.C.,United Kingdom
Lutsharel Geertruida,Netherlands,DF,Sunderland A.F.C.,United Kingdom
Mats Wieffer,Netherlands,DF,Brighton & Hove Albion F.C.,United Kingdom
Micky van de Ven,Netherlands,DF,Tottenham Hotspur F.C.,United Kingdom
Nathan Aké,Netherlands,DF,Manchester City F.C.,United Kingdom
Virgil van Dijk,Netherlands,DF,Liverpool F.C.,United Kingdom
Brian Brobbey,Netherlands,FW,Sunderland A.F.C.,United Kingdom
Cody Gakpo,Netherlands,FW,Liverpool F.C.,United Kingdom
Crysencio Summerville,Netherlands,FW,West Ham United F.C.,United Kingdom
Donyell Malen,Netherlands,FW,AS Roma,Italy
Memphis Depay,Netherlands,FW,S.C. Corinthians Paulista,Brazil
Noa Lang,Netherlands,FW,Galatasaray S.K.,Turkey
Wout Weghorst,Netherlands,FW,AFC Ajax,Netherlands
Bart Verbruggen,Netherlands,GK,Brighton & Hove Albion F.C.,United Kingdom
Mark Flekken,Netherlands,GK,Bayer 04 Leverkusen,Germany
Robin Roefs,Netherlands,GK,Sunderland A.F.C.,United Kingdom
Frenkie de Jong,Netherlands,MF,Fc Barcelona,Spain
Guus Til,Netherlands,MF,PSV Eindhoven,Netherlands
Justin Kluivert,Netherlands,MF,AFC Bournemouth,United Kingdom
Marten de Roon,Netherlands,MF,Atalanta BC,Italy
Quinten Timber,Netherlands,MF,Olympique de Marseille,France
Ryan Gravenberch,Netherlands,MF,Liverpool F.C.,United Kingdom
Teun Koopmeiners,Netherlands,MF,Juventus FC,Italy
Tijjani Reijnders,Netherlands,MF,Manchester City F.C.,United Kingdom
Callan Elliot,New Zealand,DF,Auckland FC,New Zealand
Finn Surman,New Zealand,DF,Portland Timbers,United States
Francis de Vries,New Zealand,DF,Auckland FC,New Zealand
Liberato Cacace,New Zealand,DF,Wrexham A.F.C.,United Kingdom
Michael Boxall,New Zealand,DF,Minnesota United FC,United States
Nando Pijnaker,New Zealand,DF,Auckland FC,New Zealand
Tim Payne,New Zealand,DF,Wellington Phoenix FC,New Zealand
Tommy Smith,New Zealand,DF,Braintree Town F.C.,United Kingdom
Tyler Bindon,New Zealand,DF,Sheffield United F.C.,United Kingdom
Ben Waine,New Zealand,FW,Port Vale F.C.,United Kingdom
Chris Wood,New Zealand,FW,Nottingham Forest F.C.,United Kingdom
Jesse Randall,New Zealand,FW,Auckland FC,New Zealand
Kosta Barbarouses,New Zealand,FW,Western Sydney Wanderers FC,Australia
Alex Paulsen,New Zealand,GK,KS Lechia Gdańsk,Poland
Max Crocombe,New Zealand,GK,Millwall F.C.,United Kingdom
Michael Woud,New Zealand,GK,Auckland FC,New Zealand
Alex Rufer,New Zealand,MF,Wellington Phoenix FC,New Zealand
Ben Old,New Zealand,MF,AS Saint-Étienne,France
Callum McCowatt,New Zealand,MF,Silkeborg IF,Denmark
Elijah Just,New Zealand,MF,Motherwell F.C.,United Kingdom
Joe Bell,New Zealand,MF,Viking FK,Norway
Lachlan Bayliss,New Zealand,MF,Newcastle Jets FC,Australia
Marko Stamenić,New Zealand,MF,Swansea City A.F.C.,United Kingdom
Matthew Garbett,New Zealand,MF,Peterborough United F.C.,United Kingdom
Ryan Thomas,New Zealand,MF,PEC Zwolle,Netherlands
Sarpreet Singh,New Zealand,MF,Wellington Phoenix FC,New Zealand
David Møller Wolfe,Norway,DF,Wolverhampton Wanderers F.C.,United Kingdom
Fredrik André Bjørkan,Norway,DF,FK Bodø/Glimt,Norway
Henrik Falchener,Norway,DF,Viking FK,Norway
Kristoffer Ajer,Norway,DF,Brentford F.C.,United Kingdom
Leo Østigård,Norway,DF,Genoa CFC,Italy
Marcus Holmgren Pedersen,Norway,DF,Torino FC,Italy
Sondre Langås,Norway,DF,Derby County F.C.,United Kingdom
Torbjørn Heggem,Norway,DF,Bologna F.C. 1909,Italy
Alexander Sørloth,Norway,FW,Atlético Madrid,Spain
Antonio Nusa,Norway,FW,RB Leipzig,Germany
Erling Haaland,Norway,FW,Manchester City F.C.,United Kingdom
Julian Ryerson,Norway,FW,Borussia Dortmund,Germany
Jørgen Strand Larsen,Norway,FW,Crystal Palace F.C.,United Kingdom
Egil Selvik,Norway,GK,Watford F.C.,United Kingdom
Sander Tangvik,Norway,GK,Hamburger SV,Germany
Ørjan Nyland,Norway,GK,Sevilla FC,Spain
Andreas Schjelderup,Norway,MF,S.L. Benfica,Portugal
Fredrik Aursnes,Norway,MF,S.L. Benfica,Portugal
Jens Petter Hauge,Norway,MF,FK Bodø/Glimt,Norway
Kristian Thorstvedt,Norway,MF,US Sassuolo Calcio,Italy
Martin Ødegaard,Norway,MF,Arsenal F.C.,United Kingdom
Morten Thorsby,Norway,MF,US Cremonese,Italy
Oscar Bobb,Norway,MF,Fulham F.C.,United Kingdom
Patrick Berg,Norway,MF,FK Bodø/Glimt,Norway
Sander Berge,Norway,MF,Fulham F.C.,United Kingdom
Thelo Aasgaard,Norway,MF,Rangers F.C.,United Kingdom
Andrés Andrade,Panama,DF,LASK Linz,Austria
Carlos Harvey,Panama,DF,Minnesota United FC,United States
César Blackman,Panama,DF,ŠK Slovan Bratislava,Czechoslovakia
Edgardo Fariña,Panama,DF,FC Nizhny Novgorod,Russia
Eric Davis,Panama,DF,Club Deportivo Plaza Amador,Panama
Fidel Escobar,Panama,DF,Deportivo Saprissa,Costa Rica
Jiovany Ramos,Panama,DF,Academia Puerto Cabello,Venezuela
Jorge Gutiérrez,Panama,DF,Deportivo La Guaira F.C.,Venezuela
José Córdoba,Panama,DF,Norwich City F.C.,United Kingdom
Michael Amir Murillo,Panama,DF,Beşiktaş J.K. (Football),Turkey
Roderick Miller,Panama,DF,Turan Tovuz PFK,Azerbaijan
Azarias Londoño,Panama,FW,Universidad Católica del Ecuador,Ecuador
Cecilio Waterman,Panama,FW,C.D. Universidad de Concepción,Chile
José Fajardo,Panama,FW,Universidad Católica del Ecuador,Ecuador
Tomás Rodríguez,Panama,FW,Deportivo Saprissa,Costa Rica
César Samudio,Panama,GK,C.D. Marathón,Honduras
Luis Mejía,Panama,GK,Club Nacional de Football,Uruguay
Orlando Mosquera,Panama,GK,Al-Feiha FC,Saudi Arabia
Adalberto Carrasquilla,Panama,MF,Pumas UNAM,Mexico
Alberto Quintero,Panama,MF,Club Deportivo Plaza Amador,Panama
Aníbal Godoy,Panama,MF,San Diego FC,United States
Cristian Martínez,Panama,MF,Ironi Kiryat Shmona F.C.,Israel
César Yanis,Panama,MF,Cobresal,Chile
Ismael Díaz,Panama,MF,Club León,Mexico
José Luis Rodríguez,Panama,MF,FC Juárez,Mexico
Yoel Bárcenas,Panama,MF,Mazatlán Fútbol Club,Mexico
Alexandro Maidana,Paraguay,DF,Talleres de Córdoba,Argentina
Fabián Balbuena,Paraguay,DF,Grêmio FBPA,Brazil
Gustavo Gómez,Paraguay,DF,Sociedade Esportiva Palmeiras,Brazil
Gustavo Velázquez,Paraguay,DF,Cerro Porteño,Paraguay
José Canale,Paraguay,DF,Club Atlético Lanús,Argentina
Juan José Cáceres,Paraguay,DF,FC Dinamo Moscow,Russia
Júnior Alonso,Paraguay,DF,Clube Atlético Mineiro,Brazil
Omar Alderete,Paraguay,DF,Sunderland A.F.C.,United Kingdom
Antonio Sanabria,Paraguay,FW,US Cremonese,Italy
Gabriel Ávalos,Paraguay,FW,Club Atlético Independiente,Argentina
Isidro Pitta,Paraguay,FW,Red Bull Bragantino,Brazil
Julio Enciso,Paraguay,FW,RC Strasbourg Alsace,France
Kaku,Paraguay,FW,Al Ain FC,United Arab Emirates
Álex Arce,Paraguay,FW,Independiente Rivadavia,Argentina
Gastón Olveira,Paraguay,GK,Club Olimpia,Paraguay
Gatito Fernández,Paraguay,GK,Cerro Porteño,Paraguay
Orlando Gill,Paraguay,GK,San Lorenzo de Almagro,Argentina
Andrés Cubas,Paraguay,MF,Vancouver Whitecaps FC,Canada
Braian Ojeda,Paraguay,MF,Orlando City SC,United States
Damián Bobadilla,Paraguay,MF,São Paulo FC,Brazil
Diego Gómez,Paraguay,MF,Brighton & Hove Albion F.C.,United Kingdom
Gustavo Caballero,Paraguay,MF,Portsmouth F.C.,United Kingdom
Matías Galarza,Paraguay,MF,Atlanta United FC,United States
Maurício,Paraguay,MF,Sociedade Esportiva Palmeiras,Brazil
Miguel Almirón,Paraguay,MF,Atlanta United FC,United States
Ramón Sosa,Paraguay,MF,Sociedade Esportiva Palmeiras,Brazil
Diogo Dalot,Portugal,DF,Manchester United F.C.,United Kingdom
Gonçalo Inácio,Portugal,DF,Sporting CP,Portugal
João Cancelo,Portugal,DF,Fc Barcelona,Spain
Nuno Mendes,Portugal,DF,Paris Saint-Germain FC,France
Nélson Semedo,Portugal,DF,Fenerbahçe Istanbul,Turkey
Renato Veiga,Portugal,DF,Villarreal CF,Spain
Rúben Dias,Portugal,DF,Manchester City F.C.,United Kingdom
Samú Costa,Portugal,DF,RCD Mallorca,Spain
Tomás Araújo,Portugal,DF,S.L. Benfica,Portugal
Cristiano Ronaldo,Portugal,FW,Al-Nassr,Saudi Arabia
Francisco Conceição,Portugal,FW,Juventus FC,Italy
Francisco Trincão,Portugal,FW,Sporting CP,Portugal
Gonçalo Guedes,Portugal,FW,Real Sociedad,Spain
Gonçalo Ramos,Portugal,FW,Paris Saint-Germain FC,France
João Félix,Portugal,FW,Al-Nassr,Saudi Arabia
Pedro Neto,Portugal,FW,Chelsea F.C.,United Kingdom
Rafael Leão,Portugal,FW,AC Milan,Italy
Diogo Costa,Portugal,GK,FC Porto,Portugal
José Sá,Portugal,GK,Wolverhampton Wanderers F.C.,United Kingdom
Rui Silva,Portugal,GK,Sporting CP,Portugal
Bernardo Silva,Portugal,MF,Manchester City F.C.,United Kingdom
Bruno Fernandes,Portugal,MF,Manchester United F.C.,United Kingdom
João Neves,Portugal,MF,Paris Saint-Germain FC,France
Matheus Nunes,Portugal,MF,Manchester City F.C.,United Kingdom
Rúben Neves,Portugal,MF,Al Hilal SFC,Saudi Arabia
Vitinha,Portugal,MF,Paris Saint-Germain FC,France
Al-Hashmi Al-Hussain,Qatar,DF,Al-Arabi SC,Qatar
Ayoub Al-Oui,Qatar,DF,Al-Gharafa SC,Qatar
Boualem Khoukhi,Qatar,DF,Al Sadd Sports Club,Qatar
Homam Ahmed,Qatar,DF,,
Issa Laye,Qatar,DF,Al-Arabi SC,Qatar
Jassem Gaber,Qatar,DF,Al-Rayyan,Qatar
Lucas Mendes,Qatar,DF,Al-Wakrah Sports Club,Qatar
Pedro Miguel,Qatar,DF,Al Sadd Sports Club,Qatar
Sultan Al-Brake,Qatar,DF,Al-Duhail SC,Qatar
Ahmed Alaaeldin,Qatar,FW,Al-Rayyan,Qatar
Akram Afif,Qatar,FW,Al Sadd Sports Club,Qatar
Almoez Ali,Qatar,FW,Al-Duhail SC,Qatar
Edmilson Junior,Qatar,FW,Al-Duhail SC,Qatar
Hassan Al-Haydos,Qatar,FW,Al Sadd Sports Club,Qatar
Mohamed Manai,Qatar,FW,Al-Shamal Sports Club,Qatar
Mohammed Muntari,Qatar,FW,Al-Gharafa SC,Qatar
Tahsin Jamshid,Qatar,FW,Al-Duhail SC,Qatar
Yusuf Abdurisag,Qatar,FW,Al-Wakrah Sports Club,Qatar
Mahmud Abunada,Qatar,GK,Al-Rayyan,Qatar
Meshaal Barsham,Qatar,GK,Al Sadd Sports Club,Qatar
Salah Zakaria,Qatar,GK,Al-Duhail SC,Qatar
Abdulaziz Hatem,Qatar,MF,Al-Rayyan,Qatar
Ahmed Al-Ganehi,Qatar,MF,Al-Gharafa SC,Qatar
Ahmed Fathy,Qatar,MF,Al-Arabi SC,Qatar
Assim Madibo,Qatar,MF,Al-Wakrah Sports Club,Qatar
Karim Boudiaf,Qatar,MF,Al-Duhail SC,Qatar
Abdulelah Al-Amri,Saudi Arabia,DF,Al-Nassr,Saudi Arabia
Ali Lajami,Saudi Arabia,DF,Al Hilal SFC,Saudi Arabia
Ali Majrashi,Saudi Arabia,DF,Al Ahli FC,Saudi Arabia
Hassan Al-Tambakti,Saudi Arabia,DF,Al Hilal SFC,Saudi Arabia
Hassan Kadesh,Saudi Arabia,DF,Al Ittihad FC,Saudi Arabia
Jehad Thakri,Saudi Arabia,DF,Al Qadsiah FC,Saudi Arabia
Mohammed Abu Al-Shamat,Saudi Arabia,DF,Al Qadsiah FC,Saudi Arabia
Moteb Al-Harbi,Saudi Arabia,DF,Al Hilal SFC,Saudi Arabia
Nawaf Boushal,Saudi Arabia,DF,Al-Nassr,Saudi Arabia
Saud Abdulhamid,Saudi Arabia,DF,R.C. Lens,France
Abdullah Al-Hamdan,Saudi Arabia,FW,Al-Nassr,Saudi Arabia
Ayman Yahya,Saudi Arabia,FW,Al-Nassr,Saudi Arabia
Firas Al-Buraikan,Saudi Arabia,FW,Al Ahli FC,Saudi Arabia
Khalid Al-Ghannam,Saudi Arabia,FW,Al-Ettifaq FC,Saudi Arabia
Saleh Al-Shehri,Saudi Arabia,FW,Al Ittihad FC,Saudi Arabia
Salem Al-Dawsari,Saudi Arabia,FW,Al Hilal SFC,Saudi Arabia
Sultan Mandash,Saudi Arabia,FW,Al Hilal SFC,Saudi Arabia
Ahmed Al-Kassar,Saudi Arabia,GK,Al Qadsiah FC,Saudi Arabia
Mohammed Al-Owais,Saudi Arabia,GK,Al-Ula Club,Saudi Arabia
Nawaf Al-Aqidi,Saudi Arabia,GK,Al-Nassr,Saudi Arabia
Abdullah Al-Khaibari,Saudi Arabia,MF,Al-Nassr,Saudi Arabia
Alaa Al-Hejji,Saudi Arabia,MF,Neom Club,Saudi Arabia
Mohamed Kanno,Saudi Arabia,MF,Al Hilal SFC,Saudi Arabia
Musab Al-Juwayr,Saudi Arabia,MF,Al Qadsiah FC,Saudi Arabia
Nasser Al-Dawsari,Saudi Arabia,MF,Al Hilal SFC,Saudi Arabia
Ziyad Al-Johani,Saudi Arabia,MF,Al Ahli FC,Saudi Arabia
Aaron Hickey,Scotland,DF,Brentford F.C.,United Kingdom
Andy Robertson,Scotland,DF,Liverpool F.C.,United Kingdom
Anthony Ralston,Scotland,DF,Celtic F.C.,United Kingdom
Dominic Hyam,Scotland,DF,Wrexham A.F.C.,United Kingdom
Grant Hanley,Scotland,DF,Hibernian F.C.,United Kingdom
Jack Hendry,Scotland,DF,Al-Ettifaq FC,Saudi Arabia
John Souttar,Scotland,DF,Rangers F.C.,United Kingdom
Kieran Tierney,Scotland,DF,Celtic F.C.,United Kingdom
Nathan Patterson,Scotland,DF,Everton F.C.,United Kingdom
Scott McKenna,Scotland,DF,GNK Dinamo Zagreb,Croatia
Ben Gannon-Doak,Scotland,FW,AFC Bournemouth,United Kingdom
Ché Adams,Scotland,FW,Torino FC,Italy
Findlay Curtis,Scotland,FW,Kilmarnock F.C.,United Kingdom
George Hirst,Scotland,FW,Ipswich Town F.C.,United Kingdom
Lawrence Shankland,Scotland,FW,Heart of Midlothian F.C.,United Kingdom
Lyndon Dykes,Scotland,FW,Charlton Athletic F.C.,United Kingdom
Ross Stewart,Scotland,FW,Southampton F.C.,United Kingdom
Angus Gunn,Scotland,GK,Nottingham Forest F.C.,United Kingdom
Craig Gordon,Scotland,GK,Heart of Midlothian F.C.,United Kingdom
Liam Kelly,Scotland,GK,Rangers F.C.,United Kingdom
John McGinn,Scotland,MF,Aston Villa F.C.,United Kingdom
Kenny McLean,Scotland,MF,Norwich City F.C.,United Kingdom
Lewis Ferguson,Scotland,MF,Bologna F.C. 1909,Italy
Ryan Christie,Scotland,MF,AFC Bournemouth,United Kingdom
Scott McTominay,Scotland,MF,SSC Napoli,Italy
Tyler Fletcher,Scotland,MF,Manchester United F.C.,United Kingdom
Abdoulaye Seck,Senegal,DF,Maccabi Haifa F.C.,Israel
Antoine Mendy,Senegal,DF,OGC Nice,France
El Hadji Malick Diouf,Senegal,DF,West Ham United F.C.,United Kingdom
Ismail Jakobs,Senegal,DF,Galatasaray S.K.,Turkey
Kalidou Koulibaly,Senegal,DF,Al Hilal SFC,Saudi Arabia
Krépin Diatta,Senegal,DF,AS Monaco FC,Monaco
Mamadou Sarr,Senegal,DF,Chelsea F.C.,United Kingdom
Moussa Niakhaté,Senegal,DF,Olympique Lyonnais,France
Assane Diao,Senegal,FW,Como 1907,Italy
Bamba Dieng,Senegal,FW,F.C. Lorient,France
Cherif Ndiaye,Senegal,FW,Samsunspor FC,Turkey
Ibrahim Mbaye,Senegal,FW,Paris Saint-Germain FC,France
Iliman Ndiaye,Senegal,FW,Everton F.C.,United Kingdom
Ismaïla Sarr,Senegal,FW,Crystal Palace F.C.,United Kingdom
Nicolas Jackson,Senegal,FW,FC Bayern Munich,Germany
Sadio Mané,Senegal,FW,Al-Nassr,Saudi Arabia
Mory Diaw,Senegal,GK,Le Havre AC,France
Yehvann Diouf,Senegal,GK,OGC Nice,France
Édouard Mendy,Senegal,GK,Al Ahli FC,Saudi Arabia
Bara Sapoko Ndiaye,Senegal,MF,FC Bayern Munich,Germany
Habib Diarra,Senegal,MF,Sunderland A.F.C.,United Kingdom
Idrissa Gueye,Senegal,MF,Everton F.C.,United Kingdom
Lamine Camara,Senegal,MF,AS Monaco FC,Monaco
Pape Gueye,Senegal,MF,Villarreal CF,Spain
Pape Matar Sarr,Senegal,MF,Tottenham Hotspur F.C.,United Kingdom
Pathé Ciss,Senegal,MF,Rayo Vallecano,Spain
Aubrey Modiba,South Africa,DF,Mamelodi Sundowns F.C.,South Africa
Bradley Cross,South Africa,DF,Kaizer Chiefs F.C.,South Africa
Ime Okon,South Africa,DF,Hannover 96,Germany
Khuliso Mudau,South Africa,DF,Mamelodi Sundowns F.C.,South Africa
Khulumani Ndamane,South Africa,DF,Mamelodi Sundowns F.C.,South Africa
Mbekezeli Mbokazi,South Africa,DF,Chicago Fire FC,United States
Nkosinathi Sibisi,South Africa,DF,Orlando Pirates F.C.,South Africa
Olwethu Makhanya,South Africa,DF,Philadelphia Union,United States
Samukele Kabini,South Africa,DF,Molde FK,Norway
Thabang Matuludi,South Africa,DF,Polokwane City F.C.,South Africa
Evidence Makgopa,South Africa,FW,Orlando Pirates F.C.,South Africa
Iqraam Rayners,South Africa,FW,Mamelodi Sundowns F.C.,South Africa
Kamogelo Sebelebele,South Africa,FW,Orlando Pirates F.C.,South Africa
Lyle Foster,South Africa,FW,Burnley F.C.,United Kingdom
Oswin Appollis,South Africa,FW,Orlando Pirates F.C.,South Africa
Relebohile Mofokeng,South Africa,FW,Orlando Pirates F.C.,South Africa
Thapelo Maseko,South Africa,FW,AEL Limassol FC,Cyprus
Tshepang Moremi,South Africa,FW,Orlando Pirates F.C.,South Africa
Ricardo Goss,South Africa,GK,Siwelele F.C.,South Africa
Ronwen Williams,South Africa,GK,Mamelodi Sundowns F.C.,South Africa
Sipho Chaine,South Africa,GK,Orlando Pirates F.C.,South Africa
Jayden Adams,South Africa,MF,Mamelodi Sundowns F.C.,South Africa
Sphephelo Sithole,South Africa,MF,CD Tondela,Portugal
Teboho Mokoena,South Africa,MF,Mamelodi Sundowns F.C.,South Africa
Thalente Mbatha,South Africa,MF,Orlando Pirates F.C.,South Africa
Themba Zwane,South Africa,MF,Mamelodi Sundowns F.C.,South Africa
Cho Wi-je,South Korea,DF,Jeonbuk Hyundai Motors FC,South Korea
Jens Castrop,South Korea,DF,Borussia Mönchengladbach,Germany
Kim Min-jae,South Korea,DF,FC Bayern Munich,Germany
Kim Moon-hwan,South Korea,DF,Daejeon Hana Citizen FC,South Korea
Kim Tae-hyeon,South Korea,DF,Kashima Antlers,Japan
Lee Han-beom,South Korea,DF,FC Midtjylland,Denmark
Lee Tae-seok,South Korea,DF,FK Austria Wien,Austria
Park Jin-seob,South Korea,DF,Zhejiang Professional F.C.,People's Republic of China
Seol Young-woo,South Korea,DF,FK Crvena zvezda,Serbia
Cho Gue-sung,South Korea,FW,FC Midtjylland,Denmark
Oh Hyeon-gyu,South Korea,FW,Beşiktaş J.K. (Football),Turkey
Son Heung-min,South Korea,FW,Los Angeles FC,United States
Jo Hyeon-woo,South Korea,GK,Ulsan HD FC,South Korea
Kim Seung-gyu,South Korea,GK,FC Tokyo,Japan
Song Bum-keun,South Korea,GK,Jeonbuk Hyundai Motors FC,South Korea
Bae Jun-ho,South Korea,MF,Stoke City F.C.,United Kingdom
Eom Ji-sung,South Korea,MF,Swansea City A.F.C.,United Kingdom
Hwang Hee-chan,South Korea,MF,Wolverhampton Wanderers F.C.,United Kingdom
Hwang In-beom,South Korea,MF,Feyenoord Rotterdam,Netherlands
Kim Jin-gyu,South Korea,MF,Jeonbuk Hyundai Motors FC,South Korea
Lee Dong-gyeong,South Korea,MF,Ulsan HD FC,South Korea
Lee Gi-hyuk,South Korea,MF,Gangwon FC,South Korea
Lee Jae-sung,South Korea,MF,1. FSV Mainz 05,Germany
Lee Kang-in,South Korea,MF,Paris Saint-Germain FC,France
Paik Seung-ho,South Korea,MF,Birmingham City F.C.,United Kingdom
Yang Hyun-jun,South Korea,MF,Celtic F.C.,United Kingdom
Aymeric Laporte,Spain,DF,Athletic Club,Spain
Eric García,Spain,DF,Fc Barcelona,Spain
Marc Cucurella,Spain,DF,Chelsea F.C.,United Kingdom
Marc Pubill,Spain,DF,Atlético Madrid,Spain
Marcos Llorente,Spain,DF,Atlético Madrid,Spain
Pau Cubarsí,Spain,DF,Fc Barcelona,Spain
Pedro Porro,Spain,DF,Tottenham Hotspur F.C.,United Kingdom
Álex Grimaldo,Spain,DF,Bayer 04 Leverkusen,Germany
Borja Iglesias,Spain,FW,RC Celta de Vigo,Spain
Dani Olmo,Spain,FW,Fc Barcelona,Spain
Ferran Torres,Spain,FW,Fc Barcelona,Spain
Lamine Yamal,Spain,FW,Fc Barcelona,Spain
Mikel Oyarzabal,Spain,FW,Real Sociedad,Spain
Nico Williams,Spain,FW,Athletic Club,Spain
Víctor Muñoz,Spain,FW,Club Atlético Osasuna,Spain
Yéremy Pino,Spain,FW,Crystal Palace F.C.,United Kingdom
David Raya,Spain,GK,Arsenal F.C.,United Kingdom
Joan Garcia,Spain,GK,Fc Barcelona,Spain
Unai Simón,Spain,GK,Athletic Club,Spain
Fabián Ruiz,Spain,MF,Paris Saint-Germain FC,France
Gavi,Spain,MF,Fc Barcelona,Spain
Martín Zubimendi,Spain,MF,Arsenal F.C.,United Kingdom
Mikel Merino,Spain,MF,Arsenal F.C.,United Kingdom
Pedri,Spain,MF,Fc Barcelona,Spain
Rodri,Spain,MF,Manchester City F.C.,United Kingdom
Álex Baena,Spain,MF,Atlético Madrid,Spain
Alexander Bernhardsson,Sweden,DF,Holstein Kiel,Germany
Carl Starfelt,Sweden,DF,RC Celta de Vigo,Spain
Daniel Svensson,Sweden,DF,Borussia Dortmund,Germany
Elliot Stroud,Sweden,DF,Mjällby AIF,Sweden
Eric Smith,Sweden,DF,FC St. Pauli,Germany
Gabriel Gudmundsson,Sweden,DF,Leeds United F.C.,United Kingdom
Gustaf Lagerbielke,Sweden,DF,S.C. Braga,Portugal
Herman Johansson,Sweden,DF,FC Dallas,United States
Hjalmar Ekdal,Sweden,DF,Burnley F.C.,United Kingdom
Isak Hien,Sweden,DF,Atalanta BC,Italy
Victor Lindelöf,Sweden,DF,Aston Villa F.C.,United Kingdom
Alexander Isak,Sweden,FW,Liverpool F.C.,United Kingdom
Anthony Elanga,Sweden,FW,Newcastle United F.C.,United Kingdom
Gustaf Nilsson,Sweden,FW,Club Brugge K.V.,Belgium
Taha Ali,Sweden,FW,Malmö FF,Sweden
Viktor Gyökeres,Sweden,FW,Arsenal F.C.,United Kingdom
Jacob Widell Zetterström,Sweden,GK,Derby County F.C.,United Kingdom
Kristoffer Nordfeldt,Sweden,GK,AIK Fotboll,Sweden
Viktor Johansson,Sweden,GK,Stoke City F.C.,United Kingdom
Benjamin Nygren,Sweden,MF,Celtic F.C.,United Kingdom
Besfort Zeneli,Sweden,MF,Royale Union Saint-Gilloise,Belgium
Jesper Karlström,Sweden,MF,Udinese Calcio,Italy
Ken Sema,Sweden,MF,Pafos FC,Cyprus
Lucas Bergvall,Sweden,MF,Tottenham Hotspur F.C.,United Kingdom
Mattias Svanberg,Sweden,MF,VfL Wolfsburg,Germany
Yasin Ayari,Sweden,MF,Brighton & Hove Albion F.C.,United Kingdom
Aurèle Amenda,Switzerland,DF,Eintracht Frankfurt,Germany
Eray Cömert,Switzerland,DF,Valencia CF,Spain
Luca Jaquez,Switzerland,DF,VfB Stuttgart,Germany
Manuel Akanji,Switzerland,DF,Inter Milan,Italy
Miro Muheim,Switzerland,DF,Hamburger SV,Germany
Nico Elvedi,Switzerland,DF,Borussia Mönchengladbach,Germany
Ricardo Rodriguez,Switzerland,DF,Real Betis Balompié,Spain
Silvan Widmer,Switzerland,DF,1. FSV Mainz 05,Germany
Breel Embolo,Switzerland,FW,Stade Rennais F.C.,France
Cedric Itten,Switzerland,FW,Fortuna Düsseldorf,Germany
Christian Fassnacht,Switzerland,FW,BSC Young Boys,Switzerland
Dan Ndoye,Switzerland,FW,Nottingham Forest F.C.,United Kingdom
Noah Okafor,Switzerland,FW,Leeds United F.C.,United Kingdom
Rubén Vargas,Switzerland,FW,Sevilla FC,Spain
Zeki Amdouni,Switzerland,FW,Burnley F.C.,United Kingdom
Gregor Kobel,Switzerland,GK,Borussia Dortmund,Germany
Marvin Keller,Switzerland,GK,BSC Young Boys,Switzerland
Yvon Mvogo,Switzerland,GK,F.C. Lorient,France
Ardon Jashari,Switzerland,MF,AC Milan,Italy
Denis Zakaria,Switzerland,MF,AS Monaco FC,Monaco
Djibril Sow,Switzerland,MF,Sevilla FC,Spain
Fabian Rieder,Switzerland,MF,FC Augsburg,Germany
Granit Xhaka,Switzerland,MF,Sunderland A.F.C.,United Kingdom
Johan Manzambi,Switzerland,MF,SC Freiburg,Germany
Michel Aebischer,Switzerland,MF,Pisa SC,Italy
Remo Freuler,Switzerland,MF,Bologna F.C. 1909,Italy
Adem Arous,Tunisia,DF,Kasımpaşa S.K.,Turkey
Ali Abdi,Tunisia,DF,OGC Nice,France
Dylan Bronn,Tunisia,DF,Servette FC,Switzerland
Mohamed Amine Ben Hamida,Tunisia,DF,Espérance Sportive de Tunis,Tunisia
Montassar Talbi,Tunisia,DF,F.C. Lorient,France
Mortadha Ben Ouanes,Tunisia,DF,Kasımpaşa S.K.,Turkey
Moutaz Neffati,Tunisia,DF,IFK Norrköping,Sweden
Omar Rekik,Tunisia,DF,NK Maribor,Slovenia
Raed Chikhaoui,Tunisia,DF,US Monastir,Tunisia
Yan Valery,Tunisia,DF,BSC Young Boys,Switzerland
Elias Achouri,Tunisia,FW,F.C. Copenhagen,Denmark
Elias Saad,Tunisia,FW,Hannover 96,Germany
Firas Chaouat,Tunisia,FW,Club Africain,Tunisia
Hazem Mastouri,Tunisia,FW,FC Dynamo Makhachkala,Russia
Rayan Elloumi,Tunisia,FW,Vancouver Whitecaps FC,Canada
Aymen Dahmen,Tunisia,GK,CS Sfaxien,Tunisia
Mouhib Chamakh,Tunisia,GK,Club Africain,Tunisia
Sabri Ben Hessen,Tunisia,GK,Étoile Sportive du Sahel,Tunisia
Anis Ben Slimane,Tunisia,MF,Norwich City F.C.,United Kingdom
Ellyes Skhiri,Tunisia,MF,Eintracht Frankfurt,Germany
Hadj Mahmoud,Tunisia,MF,FC Lugano,Switzerland
Hannibal Mejbri,Tunisia,MF,Burnley F.C.,United Kingdom
Ismaël Gharbi,Tunisia,MF,FC Augsburg,Germany
Khalil Ayari,Tunisia,MF,Paris Saint-Germain FC,France
Rani Khedira,Tunisia,MF,1. FC Union Berlin,Germany
Sebastian Tounekti,Tunisia,MF,Celtic F.C.,United Kingdom
Abdülkerim Bardakcı,Turkey,DF,Galatasaray S.K.,Turkey
Eren Elmalı,Turkey,DF,Galatasaray S.K.,Turkey
Ferdi Kadıoğlu,Turkey,DF,Brighton & Hove Albion F.C.,United Kingdom
Merih Demiral,Turkey,DF,Al Ahli FC,Saudi Arabia
Mert Müldür,Turkey,DF,Fenerbahçe Istanbul,Turkey
Ozan Kabak,Turkey,DF,TSG 1899 Hoffenheim,Germany
Samet Akaydin,Turkey,DF,Çaykur Rizespor,Turkey
Zeki Çelik,Turkey,DF,AS Roma,Italy
Çağlar Söyüncü,Turkey,DF,Fenerbahçe Istanbul,Turkey
Arda Güler,Turkey,FW,Real Madrid Club de Fútbol,Spain
Barış Alper Yılmaz,Turkey,FW,Galatasaray S.K.,Turkey
Can Uzun,Turkey,FW,Eintracht Frankfurt,Germany
Deniz Gül,Turkey,FW,FC Porto,Portugal
Kenan Yıldız,Turkey,FW,Juventus FC,Italy
Kerem Aktürkoğlu,Turkey,FW,Fenerbahçe Istanbul,Turkey
Oğuz Aydın,Turkey,FW,Fenerbahçe Istanbul,Turkey
Yunus Akgün,Turkey,FW,Galatasaray S.K.,Turkey
İrfan Can Kahveci,Turkey,FW,Kasımpaşa S.K.,Turkey
Altay Bayındır,Turkey,GK,Manchester United F.C.,United Kingdom
Mert Günok,Turkey,GK,Fenerbahçe Istanbul,Turkey
Uğurcan Çakır,Turkey,GK,Galatasaray S.K.,Turkey
Hakan Çalhanoğlu,Turkey,MF,Inter Milan,Italy
Kaan Ayhan,Turkey,MF,Galatasaray S.K.,Turkey
Orkun Kökçü,Turkey,MF,Beşiktaş J.K. (Football),Turkey
Salih Özcan,Turkey,MF,Borussia Dortmund,Germany
İsmail Yüksek,Turkey,MF,Fenerbahçe Istanbul,Turkey
Alex Freeman,United States,DF,Villarreal CF,Spain
Antonee Robinson,United States,DF,Fulham F.C.,United Kingdom
Auston Trusty,United States,DF,Celtic F.C.,United Kingdom
Chris Richards,United States,DF,Crystal Palace F.C.,United Kingdom
Joe Scally,United States,DF,Borussia Mönchengladbach,Germany
Mark McKenzie,United States,DF,Toulouse FC,France
Max Arfsten,United States,DF,Columbus Crew,United States
Miles Robinson,United States,DF,FC Cincinnati,United States
Sergiño Dest,United States,DF,PSV Eindhoven,Netherlands
Tim Ream,United States,DF,Charlotte FC,United States
Alejandro Zendejas,United States,FW,Club América,Mexico
Brenden Aaronson,United States,FW,Leeds United F.C.,United Kingdom
Christian Pulisic,United States,FW,AC Milan,Italy
Folarin Balogun,United States,FW,AS Monaco FC,Monaco
Haji Wright,United States,FW,Coventry City F.C.,United Kingdom
Ricardo Pepi,United States,FW,PSV Eindhoven,Netherlands
Timothy Weah,United States,FW,Olympique de Marseille,France
Chris Brady,United States,GK,Chicago Fire FC,United States
Matt Freese,United States,GK,New York City FC,United States
Matt Turner,United States,GK,New England Revolution,United States
Cristian Roldan,United States,MF,Seattle Sounders FC,United States
Giovanni Reyna,United States,MF,Borussia Mönchengladbach,Germany
Malik Tillman,United States,MF,Bayer 04 Leverkusen,Germany
Sebastian Berhalter,United States,MF,Vancouver Whitecaps FC,Canada
Tyler Adams,United States,MF,AFC Bournemouth,United Kingdom
Weston McKennie,United States,MF,Juventus FC,Italy
Guillermo Varela,Uruguay,DF,Clube de Regatas do Flamengo,Brazil
José María Giménez,Uruguay,DF,Atlético Madrid,Spain
Mathías Olivera,Uruguay,DF,SSC Napoli,Italy
Matías Viña,Uruguay,DF,Club Atlético River Plate,Argentina
Ronald Araújo,Uruguay,DF,Fc Barcelona,Spain
Santiago Bueno,Uruguay,DF,Wolverhampton Wanderers F.C.,United Kingdom
Sebastián Cáceres,Uruguay,DF,Club América,Mexico
Brian Rodríguez,Uruguay,FW,Club América,Mexico
Darwin Núñez,Uruguay,FW,Al Hilal SFC,Saudi Arabia
Facundo Pellistri,Uruguay,FW,Panathinaikos F.C.,Greece
Federico Viñas,Uruguay,FW,Real Oviedo,Spain
Rodrigo Aguirre,Uruguay,FW,Tigres UANL,Mexico
Fernando Muslera,Uruguay,GK,Estudiantes de La Plata,Argentina
Santiago Mele,Uruguay,GK,Club de Fútbol Monterrey,Mexico
Sergio Rochet,Uruguay,GK,S.C. Internacional,Brazil
Agustín Canobbio,Uruguay,MF,Fluminense F.C.,Brazil
Emiliano Martínez,Uruguay,MF,Sociedade Esportiva Palmeiras,Brazil
Federico Valverde,Uruguay,MF,Real Madrid Club de Fútbol,Spain
Giorgian de Arrascaeta,Uruguay,MF,Clube de Regatas do Flamengo,Brazil
Joaquín Piquerez,Uruguay,MF,Sociedade Esportiva Palmeiras,Brazil
Juan Manuel Sanabria,Uruguay,MF,Real Salt Lake,United States
Manuel Ugarte,Uruguay,MF,Manchester United F.C.,United Kingdom
Maximiliano Araújo,Uruguay,MF,Sporting CP,Portugal
Nicolás de la Cruz,Uruguay,MF,Clube de Regatas do Flamengo,Brazil
Rodrigo Bentancur,Uruguay,MF,Tottenham Hotspur F.C.,United Kingdom
Rodrigo Zalazar,Uruguay,MF,S.C. Braga,Portugal
Abdukodir Khusanov,Uzbekistan,DF,Manchester City F.C.,United Kingdom
Abdulla Abdullaev,Uzbekistan,DF,Dibba Club,United Arab Emirates
Avazbek Ulmasaliev,Uzbekistan,DF,FC AGMK,Uzbekistan
Bekhruz Karimov,Uzbekistan,DF,FC Surkhon Termez,Soviet Union
Farrukh Sayfiev,Uzbekistan,DF,FC Neftchi Fergana,Uzbekistan
Jakhongir Urozov,Uzbekistan,DF,FK Dinamo Samarqand,Uzbekistan
Khojiakbar Alijonov,Uzbekistan,DF,Pakhtakor Tashkent FK,Uzbekistan
Rustam Ashurmatov,Uzbekistan,DF,Esteghlal F.C.,Iran
Sherzod Nasrullaev,Uzbekistan,DF,Nasaf Qarshi,Uzbekistan
Umar Eshmurodov,Uzbekistan,DF,Nasaf Qarshi,Uzbekistan
Azizbek Amonov,Uzbekistan,FW,FK Dinamo Samarqand,Uzbekistan
Eldor Shomurodov,Uzbekistan,FW,İstanbul Başakşehir F.K.,Turkey
Igor Sergeev,Uzbekistan,FW,Persepolis F.C.,Iran
Abduvohid Nematov,Uzbekistan,GK,Nasaf Qarshi,Uzbekistan
Botirali Ergashev,Uzbekistan,GK,FC Neftchi Fergana,Uzbekistan
Utkir Yusupov,Uzbekistan,GK,Navbahor Namangan,Uzbekistan
Abbosbek Fayzullaev,Uzbekistan,MF,İstanbul Başakşehir F.K.,Turkey
Akmal Mozgovoy,Uzbekistan,MF,Pakhtakor Tashkent FK,Uzbekistan
Azizjon Ganiev,Uzbekistan,MF,Al Bataeh Club,United Arab Emirates
Dostonbek Khamdamov,Uzbekistan,MF,Pakhtakor Tashkent FK,Uzbekistan
Jaloliddin Masharipov,Uzbekistan,MF,Esteghlal F.C.,Iran
Jamshid Iskanderov,Uzbekistan,MF,FC Neftchi Fergana,Uzbekistan
Odiljon Hamrobekov,Uzbekistan,MF,Tractor F.C,Iran
Oston Urunov,Uzbekistan,MF,Persepolis F.C.,Iran
Otabek Shukurov,Uzbekistan,MF,Baniyas SC,United Arab Emirates
Sherzod Esanov,Uzbekistan,MF,FK Buxoro,Uzbekistan
